{
    "evaluation_date": "2025-05-25 14:18:52",
    "dataset_info": {
        "total_samples": 376,
        "total_features": 10,
        "categories": {
            "Fruit": 62,
            "Drinking": 59,
            "Cracker": 46,
            "Noodle": 46,
            "One-Dish": 44,
            "Meat": 41,
            "Dessert": 38,
            "Vegetables": 14,
            "Curry": 10,
            "Processed Food": 10,
            "E-San Food": 6
        },
        "files_loaded": 11
    },
    "model_comparisons": {
        "KNN": {
            "model_name": "KNN",
            "best_k": 3,
            "overall_accuracy": 0.9407894736842105,
            "condition_results": {
                "Diabetes": {
                    "accuracy": 0.9473684210526315,
                    "precision": 0.9454545454545454,
                    "recall": 0.9811320754716981,
                    "f1_score": 0.9629629629629629,
                    "confusion_matrix": [
                        [
                            20,
                            3
                        ],
                        [
                            1,
                            52
                        ]
                    ]
                },
                "Obesity": {
                    "accuracy": 0.9078947368421053,
                    "precision": 0.5,
                    "recall": 0.5714285714285714,
                    "f1_score": 0.5333333333333333,
                    "confusion_matrix": [
                        [
                            65,
                            4
                        ],
                        [
                            3,
                            4
                        ]
                    ]
                },
                "Hypertension": {
                    "accuracy": 1.0,
                    "precision": 0.0,
                    "recall": 0.0,
                    "f1_score": 0.0,
                    "confusion_matrix": [
                        [
                            76
                        ]
                    ]
                },
                "High_Cholesterol": {
                    "accuracy": 0.9078947368421053,
                    "precision": 1.0,
                    "recall": 0.46153846153846156,
                    "f1_score": 0.631578947368421,
                    "confusion_matrix": [
                        [
                            63,
                            0
                        ],
                        [
                            7,
                            6
                        ]
                    ]
                }
            },
            "training_time": 0.0018467903137207031,
            "prediction_time": 0.006111860275268555
        },
        "Random Forest": {
            "model_name": "Random Forest",
            "n_estimators": 100,
            "overall_accuracy": 0.9901315789473684,
            "condition_results": {
                "Diabetes": {
                    "accuracy": 0.9736842105263158,
                    "precision": 1.0,
                    "recall": 0.9622641509433962,
                    "f1_score": 0.9807692307692307,
                    "confusion_matrix": [
                        [
                            23,
                            0
                        ],
                        [
                            2,
                            51
                        ]
                    ]
                },
                "Obesity": {
                    "accuracy": 0.9868421052631579,
                    "precision": 1.0,
                    "recall": 0.8571428571428571,
                    "f1_score": 0.9230769230769231,
                    "confusion_matrix": [
                        [
                            69,
                            0
                        ],
                        [
                            1,
                            6
                        ]
                    ]
                },
                "Hypertension": {
                    "accuracy": 1.0,
                    "precision": 0.0,
                    "recall": 0.0,
                    "f1_score": 0.0,
                    "confusion_matrix": [
                        [
                            76
                        ]
                    ]
                },
                "High_Cholesterol": {
                    "accuracy": 1.0,
                    "precision": 1.0,
                    "recall": 1.0,
                    "f1_score": 1.0,
                    "confusion_matrix": [
                        [
                            63,
                            0
                        ],
                        [
                            0,
                            13
                        ]
                    ]
                }
            },
            "feature_importance": {
                "FIBTG (g) Dietary fibre": 0.21490972597334085,
                "Protein(g)": 0.12642465902756864,
                "SUGAR(g)": 0.108820152005112,
                "CHOCDF (g) Carbohydrate": 0.09509539855077913,
                "Fat(g)": 0.09206262065254965,
                "Category_Encoded": 0.07184699657020903,
                "Energy(kcal) by calculation": 0.04084044722044076
            },
            "training_time": 0.29910969734191895,
            "prediction_time": 0.06875228881835938
        },
        "MLP": {
            "model_name": "MLP",
            "architecture": "100-50",
            "overall_accuracy": 0.9013157894736843,
            "condition_results": {
                "Diabetes": {
                    "accuracy": 0.881578947368421,
                    "precision": 0.8666666666666667,
                    "recall": 0.9811320754716981,
                    "f1_score": 0.9203539823008849,
                    "confusion_matrix": [
                        [
                            15,
                            8
                        ],
                        [
                            1,
                            52
                        ]
                    ]
                },
                "Obesity": {
                    "accuracy": 0.9078947368421053,
                    "precision": 0.0,
                    "recall": 0.0,
                    "f1_score": 0.0,
                    "confusion_matrix": [
                        [
                            69,
                            0
                        ],
                        [
                            7,
                            0
                        ]
                    ]
                },
                "Hypertension": {
                    "accuracy": 1.0,
                    "precision": 0.0,
                    "recall": 0.0,
                    "f1_score": 0.0,
                    "confusion_matrix": [
                        [
                            76
                        ]
                    ]
                },
                "High_Cholesterol": {
                    "accuracy": 0.8157894736842105,
                    "precision": 0.42857142857142855,
                    "recall": 0.23076923076923078,
                    "f1_score": 0.3,
                    "confusion_matrix": [
                        [
                            59,
                            4
                        ],
                        [
                            10,
                            3
                        ]
                    ]
                }
            },
            "training_time": 0.08305859565734863,
            "prediction_time": 0.0005860328674316406
        }
    },
    "health_condition_results": {},
    "cross_validation_results": {
        "KNN": {
            "mean_score": 0.760842105263158,
            "std_score": 0.06485273703375569,