Model,Condition,Accuracy,Precision,Recall,F1_Score,Execution_Time,Support
KNN,Overall,0.946808510638298,0.275,0.06524553571428571,0.10308202939781887,0.0454564094543457,
KNN,Diabetes,0.9148936170212766,0.5,0.078125,0.13513513513513514,,752.0
KNN,Obesity,0.9601063829787234,0.4,0.14285714285714285,0.21052631578947367,,376.0
KNN,Hypertension,0.9867021276595744,0.0,0.0,0.0,,752.0
KNN,High_Cholesterol,0.925531914893617,0.2,0.04,0.06666666666666667,,376.0
